t_s,s1_us,s2_us,s3_us,s4_us,s5_us,s6_us,e_mm
0.0000,1407.7600,1740.3500,2093.6600,1529.1900,1228.9600,1049.1600,0.0000
0.0400,1410.8800,1750.6700,2118.5100,1516.1800,1214.3700,1055.7900,0.0048
0.0800,1406.7300,1765.7300,2154.6800,1506.1600,1203.9900,1053.0600,0.0096
0.1200,1396.4400,1781.5400,2196.6900,1501.8700,1200.5800,1041.6800,0.0144
0.1600,1382.8200,1793.9400,2232.1300,1504.5100,1205.0100,1024.1800,0.0192
0.2000,1369.5600,1799.6400,2237.4500,1513.3500,1216.0400,1004.6600,0.0239
0.2400,1360.1900,1797.0700,2209.2700,1525.9400,1230.7100,988.2600,0.0287
0.2800,1357.1800,1786.8400,2169.9600,1538.8700,1245.1500,979.9700,0.0335
0.3200,1361.3000,1771.6700,2132.7300,1548.7200,1255.5500,982.7700,0.0383
0.3600,1371.4500,1755.6700,2103.6400,1552.9100,1259.1000,995.8900,0.0431
0.4000,1384.9600,1743.1800,2086.2500,1550.3400,1254.8100,1015.0200,0.0479
0.4400,1398.2500,1737.5900,2082.6700,1541.6800,1243.7700,1034.4600,0.0527
0.4800,1390.0900,1761.2900,2128.6800,1528.0900,1229.4900,1027.8000,0.0599
0.5200,1390.9100,1764.0100,2136.1200,1524.6500,1225.6500,1029.6900,0.0612
0.5600,1389.8100,1768.0100,2145.7400,1522.0200,1222.9000,1028.9600,0.0624
0.6000,1387.1000,1772.2200,2155.0600,1520.8900,1221.9800,1025.8100,0.0637
0.6400,1383.5100,1775.5100,2161.3000,1521.5800,1223.1400,1021.0300,0.0650
0.6800,1379.9900,1777.0100,2162.3800,1523.9100,1226.0600,1015.8700,0.0662
0.7200,1377.5000,1776.3100,2157.9900,1527.2300,1229.9600,1011.7100,0.0675
0.7600,1376.6900,1773.5900,2149.6700,1530.6600,1233.8000,1009.7100,0.0688
0.8000,1377.7800,1769.5800,2139.9700,1533.2900,1236.5500,1010.4400,0.0700
0.8400,1380.4800,1765.3600,2131.4600,1534.4000,1237.4700,1013.7200,0.0713
0.8800,1384.0700,1762.0700,2126.1200,1533.7200,1236.3300,1018.6100,0.0726
0.9200,1387.5900,1760.5800,2125.1100,1531.4100,1233.4000,1023.7600,0.0739
0.9600,1401.5400,1747.2500,2089.7200,1533.0600,1224.5000,1051.9100,0.0806
1.0000,1404.3700,1756.6400,2111.8300,1521.2100,1211.2000,1057.9200,0.0850
1.0400,1400.5900,1770.3900,2143.2500,1512.0900,1201.7200,1055.4300,0.0893
1.0800,1391.2200,1784.8200,2178.0100,1508.1900,1198.6200,1045.0800,0.0937
1.1200,1378.8100,1796.1600,2204.9300,1510.6000,1202.6700,1029.2500,0.0980
1.1600,1366.7200,1801.3700,2209.2100,1518.6300,1212.7500,1011.6900,0.1024
1.2000,1358.1800,1799.0200,2188.8300,1530.0900,1226.1500,997.0500,0.1068
1.2400,1355.4400,1789.6900,2156.8600,1541.8700,1239.3300,989.7300,0.1111
1.2800,1359.2000,1775.8500,2124.6700,1550.8500,1248.8100,992.2800,0.1155
1.3200,1368.4600,1761.2600,2098.7900,1554.6700,1252.0400,1004.0000,0.1198
1.3600,1380.7700,1749.8600,2083.1200,1552.3400,1248.1000,1021.1300,0.1242
1.4000,1392.8800,1744.7400,2079.8500,1544.4400,1238.0300,1038.6200,0.1286
1.4400,1383.8800,1768.2300,2124.2400,1531.9500,1225.0800,1030.6100,0.1356
1.4800,1384.4100,1770.0300,2129.0200,1529.6700,1222.5300,1031.8500,0.1365
1.5200,1383.6900,1772.6800,2135.1000,1527.9300,1220.7000,1031.3700,0.1373
1.5600,1381.9000,1775.4700,2140.8700,1527.1900,1220.1000,1029.2900,0.1381
1.6000,1379.5200,1777.6500,2144.6800,1527.6400,1220.8700,1026.1500,0.1390
1.6400,1377.1900,1778.6500,2145.3800,1529.1800,1222.8100,1022.7800,0.1398
1.6800,1375.5400,1778.1800,2142.7600,1531.3700,1225.3900,1020.0800,0.1406
1.7200,1375.0000,1776.3800,2137.6400,1533.6500,1227.9400,1018.7900,0.1415
1.7600,1375.7300,1773.7300,2131.5400,1535.3800,1229.7600,1019.2800,0.1423
1.8000,1377.5200,1770.9400,2126.0700,1536.1200,1230.3700,1021.4100,0.1432
1.8400,1379.8900,1768.7500,2122.5900,1535.6700,1229.6100,1024.5900,0.1440
1.8800,1382.2200,1767.7600,2121.9200,1534.1400,1227.6700,1027.9600,0.1448
1.9200,1392.6100,1757.3800,2090.7500,1536.7700,1220.1200,1051.4600,0.1505
1.9600,1394.8000,1764.6900,2107.8400,1527.5400,1209.7500,1056.1700,0.1539
2.0000,1391.8600,1775.4200,2131.3100,1520.4500,1202.3600,1054.2200,0.1573
2.0400,1384.5600,1786.7000,2155.8000,1517.4200,1199.9400,1046.1400,0.1606
2.0800,1374.9000,1795.5600,2173.4000,1519.2900,1203.1000,1033.8300,0.1640
2.1200,1365.4700,1799.6200,2176.4300,1525.5300,1210.9800,1020.3200,0.1674
2.1600,1358.8100,1797.7900,2163.7600,1534.4500,1221.4500,1009.2100,0.1708
2.2000,1356.6700,1790.5100,2141.6800,1543.6300,1231.7500,1003.7500,0.1742
2.2400,1359.6100,1779.7200,2117.7900,1550.6400,1239.1400,1005.7300,0.1776
2.2800,1366.8300,1768.3400,2097.8400,1553.6200,1241.6400,1014.6100,0.1810
2.3200,1376.4400,1759.4500,2085.5400,1551.8000,1238.5500,1027.6700,0.1844
2.3600,1385.8700,1755.4400,2082.9800,1545.6400,1230.6700,1041.1400,0.1878
2.4000,1378.7000,1773.4700,2101.2000,1540.1400,1215.9300,1045.0400,0.1926
2.4400,1379.6200,1776.5700,2108.6100,1536.2400,1211.5400,1047.0800,0.1941
2.4800,1378.3700,1781.1200,2118.1900,1533.2500,1208.4100,1046.2600,0.1955
2.5200,1375.2900,1785.9200,2127.4500,1531.9800,1207.3800,1042.7800,0.1970
2.5600,1371.2000,1789.6800,2133.6700,1532.7600,1208.7100,1037.5400,0.1984
2.6000,1367.2100,1791.4100,2134.8500,1535.3900,1212.0600,1031.8900,0.1998
2.6400,1364.3800,1790.6200,2130.6400,1539.1600,1216.5100,1027.3400,0.2013
2.6800,1363.4700,1787.5300,2122.4700,1543.0500,1220.8900,1025.1800,0.2027
2.7200,1364.7100,1782.9600,2112.8200,1546.0300,1224.0200,1026.0100,0.2041
2.7600,1367.7800,1778.1500,2104.2500,1547.3000,1225.0700,1029.6200,0.2056
2.8000,1371.8600,1774.3800,2098.8000,1546.5200,1223.7500,1034.9900,0.2070
2.8400,1375.8600,1772.6700,2097.6900,1543.9000,1220.4000,1040.6400,0.2084
3.1400,1329.3100,1670.6900,2011.9500,1658.0300,1341.9700,988.0500,0.2084
3.1800,1332.2200,1680.4900,2029.5800,1644.4900,1328.7800,995.9800,0.2132
3.2200,1327.4200,1694.4900,2053.3600,1634.2700,1319.4800,992.9300,0.2180
3.2600,1316.1900,1708.9700,2077.3900,1630.1300,1316.5300,979.6500,0.2228
3.3000,1301.5700,1720.0900,2094.1600,1633.1900,1320.6900,958.8000,0.2276
3.3400,1287.5300,1724.9300,2097.4400,1642.5800,1330.8200,934.8100,0.2324
3.3800,1277.8400,1722.1600,2086.2200,1655.7500,1344.2500,913.7800,0.2372
3.4200,1275.0700,1712.4700,2065.1900,1669.1800,1357.4200,902.5600,0.2420
3.4600,1279.9100,1698.4300,2041.2000,1679.3100,1366.8100,905.8400,0.2467
3.5000,1291.0300,1683.8100,2020.3500,1683.4700,1369.8700,922.6100,0.2515
3.5400,1305.5100,1672.5800,2007.0700,1680.5200,1365.7300,946.6400,0.2563
3.5800,1319.5100,1667.7800,2004.0200,1671.2200,1355.5100,970.4200,0.2611
3.6200,1310.2500,1689.7500,2037.3100,1657.2900,1342.7100,962.6900,0.2683
3.6600,1311.0100,1692.3300,2042.2500,1653.7100,1339.2200,965.0300,0.2696
3.7000,1309.7400,1696.0400,2048.5600,1651.0200,1336.7500,964.2000,0.2709
3.7400,1306.7700,1699.8900,2054.5600,1649.9200,1335.9600,960.4300,0.2721
3.7800,1302.9200,1702.8400,2058.5700,1650.7200,1337.0600,954.6500,0.2734
3.8200,1299.2000,1704.1200,2059.4100,1653.2000,1339.7500,948.3200,0.2747
3.8600,1296.6300,1703.3700,2056.8500,1656.6900,1343.3100,943.1500,0.2759
3.9000,1295.8800,1700.8000,2051.6800,1660.2500,1346.8000,940.5900,0.2772
3.9400,1297.1600,1697.0800,2045.3500,1662.9400,1349.2800,941.4300,0.2785
3.9800,1300.1100,1693.2300,2039.5700,1664.0400,1350.0800,945.4400,0.2797
4.0200,1303.9600,1690.2600,2035.8000,1663.2500,1348.9800,951.4400,0.2810
4.0600,1307.6700,1688.9900,2034.9700,1660.7800,1346.2900,957.7500,0.2823
4.1000,1322.8000,1677.2000,2008.8600,1662.1300,1337.8700,991.1400,0.2890
4.1400,1325.4500,1686.1200,2024.7300,1649.7900,1325.8400,998.3100,0.2934
4.1800,1321.0600,1698.8900,2045.9700,1640.4700,1317.3600,995.5200,0.2978
4.2200,1310.8200,1712.1000,2067.2200,1636.6900,1314.6700,983.4900,0.3021
4.2600,1297.4900,1722.2500,2081.9500,1639.4700,1318.4700,964.7000,0.3065
4.3000,1284.6900,1726.6700,2084.9100,1648.0300,1327.7200,943.2900,0.3108
4.3400,1275.8500,1724.1500,2075.2200,1660.0300,1339.9700,924.7800,0.3152
4.3800,1273.3300,1715.3100,2056.7100,1672.2800,1351.9700,915.0900,0.3196
4.4200,1277.7500,1702.5100,2035.3000,1681.5300,1360.5300,918.0500,0.3239
4.4600,1287.9000,1689.1800,2016.5100,1685.3300,1363.3100,932.7800,0.3283
4.5000,1301.1100,1678.9400,2004.4800,1682.6400,1359.5300,954.0300,0.3326
4.5400,1313.8800,1674.5500,2001.6900,1674.1600,1350.2100,975.2700,0.3370
4.5800,1303.7300,1696.2700,2034.0700,1661.3700,1338.6300,965.9300,0.3440
4.6200,1304.2300,1697.9800,2037.3000,1659.0000,1336.3200,967.4600,0.3449
4.6600,1303.3800,1700.4400,2041.4000,1657.2200,1334.6800,966.9100,0.3457
4.7000,1301.4200,1702.9900,2045.2700,1656.4900,1334.1600,964.4300,0.3466
4.7400,1298.8700,1704.9500,2047.8400,1657.0200,1334.8900,960.6500,0.3474
4.7800,1296.4100,1705.7900,2048.3900,1658.6500,1336.6700,956.5500,0.3482
4.8200,1294.7000,1705.3000,2046.7700,1660.9700,1339.0300,953.2300,0.3491
4.8600,1294.2100,1703.5900,2043.4500,1663.3300,1341.3500,951.6100,0.3499
4.9000,1295.0500,1701.1300,2039.3500,1665.1100,1342.9800,952.1600,0.3508
4.9400,1297.0100,1698.5800,2035.5700,1665.8400,1343.5100,954.7300,0.3516
4.9800,1299.5600,1696.6200,2033.0900,1665.3200,1342.7800,958.6000,0.3524
5.0200,1302.0200,1695.7700,2032.5400,1663.6800,1341.0000,962.7000,0.3533
5.0600,1313.3600,1686.6400,2009.5100,1666.1300,1333.8700,990.4900,0.3589
5.1000,1315.4100,1693.5800,2021.8200,1656.5100,1324.4900,996.1100,0.3623
5.1400,1311.9800,1703.5400,2038.0700,1649.2500,1317.8800,993.9400,0.3657
5.1800,1304.0000,1713.8500,2054.0400,1646.3000,1315.7800,984.5200,0.3691
5.2200,1293.6100,1721.7800,2064.9700,1648.4500,1318.7400,969.9400,0.3725
5.2600,1283.6300,1725.2300,2067.2500,1655.1100,1325.9700,953.6000,0.3759
5.3000,1276.7400,1723.2600,2060.2100,1664.4700,1335.5300,939.7900,0.3793
5.3400,1274.7700,1716.3700,2046.4000,1674.0300,1344.8900,932.7500,0.3826
5.3800,1278.2200,1706.3900,2030.0600,1681.2600,1351.5500,935.0300,0.3860
5.4200,1286.1500,1696.0000,2015.4800,1684.2200,1353.7000,945.9600,0.3894
5.4600,1296.4600,1688.0200,2006.0600,1682.1200,1350.7500,961.9300,0.3928
5.5000,1306.4200,1684.5900,2003.8900,1675.5100,1343.4900,978.1800,0.3962
5.5400,1298.5200,1701.4800,2017.1800,1669.8900,1330.1100,982.8200,0.4011
5.5800,1299.3800,1704.4100,2022.4600,1665.8200,1326.1300,985.2800,0.4025
5.6200,1297.9200,1708.6300,2029.2200,1662.7500,1323.3300,984.3500,0.4040
5.6600,1294.5400,1713.0200,2035.6800,1661.4900,1322.4300,980.2700,0.4054
5.7000,1290.1500,1716.3900,2040.0100,1662.4000,1323.6900,974.0500,0.4068
5.7400,1285.9200,1717.8500,2040.9600,1665.2100,1326.7600,967.2700,0.4083
5.7800,1282.9900,1717.0100,2038.2600,1669.1800,1330.8200,961.7400,0.4097
5.8200,1282.1500,1714.0800,2032.7300,1673.2400,1334.7900,959.0400,0.4111
5.8600,1283.6100,1709.8500,2025.9500,1676.3100,1337.6000,959.9900,0.4126
5.9000,1286.9800,1705.4600,2019.7300,1677.5700,1338.5100,964.3200,0.4140
5.9400,1291.3700,1702.0800,2015.6500,1676.6700,1337.2500,970.7800,0.4154
5.9800,1295.5900,1700.6200,2014.7200,1673.8700,1334.1800,977.5400,0.4169
6.2800,1379.1000,1620.9000,1788.2800,1605.9000,1394.1000,1211.7200,0.4169
6.3200,1382.0000,1630.3200,1799.5800,1592.6500,1381.2200,1216.5000,0.4217
6.3600,1377.5900,1643.6600,1814.6200,1582.6100,1372.1500,1213.6600,0.4264
6.4000,1367.0300,1657.3600,1829.4200,1578.5200,1369.2900,1203.9400,0.4312
6.4400,1353.2200,1667.7900,1839.8100,1581.4800,1373.3500,1189.7300,0.4360
6.4800,1339.8800,1672.2000,1842.7300,1590.6800,1383.2700,1174.6100,0.4408
6.5200,1330.5900,1669.4100,1837.3600,1603.5800,1396.4200,1162.6400,0.4456
6.5600,1327.8000,1660.1200,1825.3900,1616.7300,1409.3200,1157.2700,0.4504
6.6000,1332.2100,1646.7800,1810.2700,1626.6500,1418.5200,1160.1900,0.4552
6.6400,1342.6400,1632.9700,1796.0600,1630.7100,1421.4800,1170.5800,0.4600
6.6800,1356.3400,1622.4100,1786.3400,1627.8500,1417.3900,1185.3800,0.4647
6.7200,1369.6800,1618.0000,1783.5000,1618.7800,1407.3500,1200.4200,0.4695
6.7600,1361.1100,1638.8900,1805.8500,1605.1500,1394.8500,1194.1500,0.4768
6.8000,1361.8700,1641.3700,1808.9000,1601.6500,1391.4400,1195.4700,0.4780
6.8400,1360.7000,1644.9100,1812.8900,1599.0000,1389.0300,1194.7100,0.4793
6.8800,1357.9100,1648.5500,1816.7500,1597.9200,1388.2600,1192.0700,0.4806
6.9200,1354.2700,1651.3200,1819.4300,1598.7000,1389.3400,1188.2600,0.4818
6.9600,1350.7300,1652.4900,1820.2000,1601.1200,1391.9700,1184.2600,0.4831
7.0000,1348.2600,1651.7400,1818.8400,1604.5300,1395.4700,1181.1600,0.4844
7.0400,1347.5100,1649.2700,1815.7400,1608.0300,1398.8800,1179.8000,0.4856
7.0800,1348.6800,1645.7300,1811.7400,1610.6600,1401.3000,1180.5700,0.4869
7.1200,1351.4500,1642.0900,1807.9300,1611.7400,1402.0800,1183.2500,0.4882
7.1600,1355.0900,1639.3000,1805.2900,1610.9700,1401.0000,1187.1100,0.4895
7.2000,1358.6300,1638.1300,1804.5300,1608.5600,1398.3500,1191.1000,0.4907
7.2400,1372.8000,1627.2000,1786.0200,1609.9000,1390.1000,1213.9800,0.4975
7.2800,1375.4400,1635.7700,1796.2900,1597.8300,1378.3600,1218.3200,0.5018
7.3200,1371.4100,1647.9400,1809.9200,1588.6800,1370.0900,1215.7300,0.5062
7.3600,1361.7900,1660.4300,1823.3100,1584.9500,1367.4800,1206.8800,0.5106
7.4000,1349.2000,1669.9500,1832.7000,1587.6500,1371.1900,1193.9700,0.5149
7.4400,1337.0300,1673.9800,1835.3500,1596.0200,1380.2300,1180.2800,0.5193
7.4800,1328.5600,1671.4400,1830.5300,1607.7800,1392.2200,1169.4700,0.5236
7.5200,1326.0200,1662.9700,1819.7200,1619.7700,1403.9800,1164.6500,0.5280
7.5600,1330.0500,1650.8000,1806.0300,1628.8100,1412.3500,1167.3000,0.5323
7.6000,1339.5700,1638.2100,1793.1200,1632.5200,1415.0500,1176.6900,0.5367
7.6400,1352.0600,1628.5900,1784.2700,1629.9100,1411.3200,1190.0800,0.5411
7.6800,1364.2300,1624.5600,1781.6800,1621.6400,1402.1700,1203.7100,0.5454
7.7200,1354.8000,1645.2000,1803.6000,1609.1300,1390.8700,1196.4000,0.5525
7.7600,1355.3000,1646.8400,1805.6100,1606.8100,1388.6100,1197.2700,0.5533
7.8000,1354.5300,1649.1800,1808.2400,1605.0600,1387.0100,1196.7700,0.5542
7.8400,1352.6800,1651.5900,1810.7700,1604.3500,1386.5000,1195.0300,0.5550
7.8800,1350.2700,1653.4300,1812.5300,1604.8600,1387.2200,1192.5100,0.5558
7.9200,1347.9300,1654.2000,1813.0400,1606.4600,1388.9700,1189.8800,0.5567
7.9600,1346.2900,1653.7100,1812.1500,1608.7200,1391.2800,1187.8500,0.5575
8.0000,1345.8000,1652.0700,1810.1200,1611.0300,1393.5400,1186.9600,0.5584
8.0400,1346.5700,1649.7300,1807.4900,1612.7800,1395.1400,1187.4700,0.5592
8.0800,1348.4100,1647.3200,1804.9700,1613.5000,1395.6500,1189.2300,0.5600
8.1200,1350.8200,1645.4700,1803.2300,1612.9900,1394.9400,1191.7600,0.5609
8.1600,1353.1600,1644.7000,1802.7300,1611.3900,1393.1900,1194.3900,0.5617
8.2000,1363.7300,1636.2700,1786.4200,1613.8000,1386.2000,1213.5800,0.5673
8.2400,1365.7800,1642.9400,1794.4100,1604.3900,1377.0500,1216.9700,0.5707
8.2800,1362.6300,1652.4200,1804.9800,1597.2700,1370.6000,1214.9500,0.5741
8.3200,1355.1400,1662.1700,1815.3200,1594.3600,1368.5600,1208.0400,0.5775
8.3600,1345.3300,1669.6000,1822.5500,1596.4500,1371.4600,1197.9900,0.5809
8.4000,1335.8500,1672.7500,1824.6100,1602.9600,1378.5200,1187.3800,0.5843
8.4400,1329.2400,1670.7600,1820.9300,1612.1200,1387.8800,1179.0700,0.5877
8.4800,1327.2500,1664.1500,1812.6200,1621.4800,1397.0400,1175.3900,0.5911
8.5200,1330.4000,1654.6700,1802.0100,1628.5400,1403.5500,1177.4500,0.5945
8.5600,1337.8300,1644.8600,1791.9600,1631.4400,1405.6400,1184.6800,0.5979
8.6000,1347.5800,1637.3700,1785.0500,1629.4000,1402.7300,1195.0200,0.6013
8.6400,1357.0600,1634.2200,1783.0300,1622.9500,1395.6100,1205.5900,0.6046
8.6800,1349.5800,1650.4200,1791.7800,1617.4500,1382.5500,1208.2200,0.6095
8.7200,1350.4400,1653.2300,1795.1900,1613.4700,1378.6700,1209.6700,0.6109
8.7600,1349.1100,1657.2500,1799.6400,1610.4600,1375.9300,1208.8100,0.6124
8.8000,1345.9400,1661.3900,1803.9600,1609.2300,1375.0600,1205.8600,0.6138
8.8400,1341.7900,1664.5500,1806.9700,1610.1100,1376.2900,1201.5900,0.6153
8.8800,1337.7700,1665.8800,1807.8400,1612.8600,1379.2900,1197.1300,0.6167
8.9200,1334.9600,1665.0400,1806.3300,1616.7400,1383.2600,1193.6700,0.6181
8.9600,1334.1200,1662.2300,1802.8700,1620.7100,1387.1400,1192.1600,0.6196
9.0000,1335.4500,1658.2100,1798.4100,1623.7100,1389.8900,1193.0300,0.6210
9.0400,1338.6100,1654.0600,1794.1400,1624.9400,1390.7700,1196.0400,0.6224
9.0800,1342.7500,1650.8900,1791.1900,1624.0700,1389.5400,1200.3600,0.6239
9.1200,1346.7700,1649.5600,1790.3300,1621.3300,1386.5300,1204.8100,0.6253
9.4200,1586.7100,1618.9600,1570.7000,1393.1200,1354.3300,1474.7600,0.6253
9.4600,1589.6300,1628.2900,1580.4300,1379.9700,1341.0900,1478.7100,0.6301
9.5000,1585.5900,1641.4800,1593.4300,1369.8400,1331.8000,1475.9600,0.6349
9.5400,1575.7500,1655.0000,1606.2400,1365.5600,1328.9100,1467.2000,0.6397
9.5800,1562.8300,1665.2700,1615.3600,1368.3500,1333.1500,1454.7200,0.6445
9.6200,1550.3200,1669.5900,1618.2400,1377.4500,1343.3800,1441.8000,0.6492
9.6600,1541.5000,1666.7800,1614.0800,1390.2900,1356.9000,1431.9300,0.6540
9.7000,1538.6600,1657.5600,1604.0800,1403.3700,1370.1400,1427.8200,0.6588
9.7400,1542.5400,1644.3700,1591.0100,1413.2000,1379.5400,1430.6500,0.6636
9.7800,1552.1300,1630.7400,1578.4000,1417.2700,1382.5500,1439.6300,0.6684
9.8200,1564.9700,1620.3600,1569.5500,1414.5500,1378.3100,1452.2600,0.6732
9.8600,1577.6500,1616.0500,1566.7400,1405.7400,1367.9600,1465.1100,0.6780
9.9000,1569.8000,1636.6900,1586.3900,1392.1800,1355.1800,1459.2500,0.6852
9.9400,1570.5700,1639.1500,1588.9900,1388.7100,1351.6700,1460.3100,0.6865
9.9800,1569.5200,1642.6400,1592.4400,1386.0500,1349.2000,1459.5800,0.6877
10.0200,1566.9400,1646.2400,1595.8100,1384.9400,1348.4200,1457.2400,0.6890
10.0600,1563.5200,1648.9700,1598.2000,1385.6700,1349.5400,1453.9200,0.6903
10.1000,1560.1900,1650.1100,1598.9500,1388.0500,1352.2700,1450.5000,0.6915
10.1400,1557.8400,1649.3500,1597.8700,1391.4300,1355.8600,1447.9100,0.6928
10.1800,1557.0800,1646.9000,1595.2500,1394.9000,1359.3600,1446.8400,0.6941
10.2200,1558.1200,1643.4100,1591.8000,1397.5300,1361.8400,1447.5800,0.6953
10.2600,1560.6800,1639.8100,1588.4400,1398.6300,1362.6300,1449.9400,0.6966
10.3000,1564.0900,1637.0700,1586.0700,1397.9000,1361.5000,1453.2700,0.6979
10.3400,1567.4300,1635.9300,1585.3200,1395.5400,1358.7800,1456.6800,0.6992
10.3800,1580.6500,1625.2400,1568.6200,1397.0000,1350.2800,1476.8500,0.7059
10.4200,1583.3000,1633.7300,1577.4800,1385.0500,1338.2100,1480.4500,0.7103
10.4600,1579.6300,1645.7600,1589.3100,1375.8500,1329.7300,1477.9400,0.7146
10.5000,1570.6900,1658.0900,1600.9500,1371.9700,1327.1000,1469.9700,0.7190
10.5400,1558.9400,1667.4600,1609.2400,1374.5100,1330.9700,1458.6000,0.7233
10.5800,1547.5500,1671.4000,1611.8600,1382.7700,1340.3100,1446.8400,0.7277
10.6200,1539.5100,1668.8400,1608.0900,1394.4500,1352.6400,1437.8700,0.7321
10.6600,1536.9200,1660.4300,1599.0000,1406.3400,1364.7100,1434.1400,0.7364
10.7000,1540.4500,1648.4100,1587.1200,1415.3000,1373.2700,1436.7100,0.7408
10.7400,1549.1900,1635.9800,1575.6300,1419.0000,1376.0000,1444.8800,0.7451
10.7800,1560.8800,1626.5200,1567.5700,1416.5200,1372.1300,1456.3700,0.7495
10.8200,1572.4100,1622.5900,1565.0100,1408.4900,1362.7000,1468.0600,0.7539
10.8600,1563.7900,1642.9700,1584.3400,1396.0500,1351.1500,1461.3100,0.7609
10.9000,1564.2900,1644.6000,1586.0600,1393.7600,1348.8300,1462.0100,0.7618
10.9400,1563.6000,1646.9100,1588.3400,1392.0100,1347.1900,1461.5300,0.7626
10.9800,1561.9000,1649.2900,1590.5600,1391.2800,1346.6800,1459.9800,0.7634
11.0200,1559.6400,1651.1000,1592.1400,1391.7600,1347.4200,1457.7800,0.7643
11.0600,1557.4400,1651.8600,1592.6400,1393.3300,1349.2200,1455.5300,0.7651
11.1000,1555.8800,1651.3600,1591.9300,1395.5600,1351.6000,1453.8100,0.7659
11.1400,1555.3800,1649.7300,1590.2000,1397.8600,1353.9200,1453.1100,0.7668
11.1800,1556.0600,1647.4200,1587.9100,1399.6000,1355.5600,1453.6000,0.7676
11.2200,1557.7600,1645.0400,1585.6900,1400.3200,1356.0800,1455.1500,0.7685
11.2600,1560.0100,1643.2300,1584.1300,1399.8400,1355.3400,1457.3500,0.7693
11.3000,1562.2200,1642.4700,1583.6300,1398.2800,1353.5300,1459.6100,0.7701
11.3400,1572.0000,1634.2400,1568.9300,1400.7400,1346.3500,1476.5900,0.7758
11.3800,1574.0600,1640.8500,1575.8400,1391.4500,1336.9400,1479.4000,0.7792
11.4200,1571.2300,1650.2200,1585.0400,1384.3300,1330.3300,1477.4400,0.7826
11.4600,1564.2900,1659.8400,1594.0800,1381.3300,1328.2700,1471.2100,0.7859
11.5000,1555.1500,1667.1600,1600.5100,1383.3000,1331.2900,1462.3600,0.7893
11.5400,1546.2700,1670.2300,1602.5400,1389.7000,1338.5800,1453.2100,0.7927
11.5800,1540.0000,1668.2300,1599.6300,1398.7700,1348.2100,1446.2400,0.7961
11.6200,1537.9800,1661.6800,1592.5800,1408.0200,1357.6100,1443.3600,0.7995
11.6600,1540.7400,1652.3000,1583.3400,1415.0000,1364.2800,1445.3600,0.8029
11.7000,1547.5600,1642.6200,1574.4000,1417.9000,1366.3900,1451.6900,0.8063
11.7400,1556.6600,1635.2500,1568.1000,1415.9600,1363.3700,1460.6200,0.8097
11.7800,1565.6100,1632.1800,1566.1100,1409.7000,1356.0300,1469.7300,0.8131
11.8200,1558.6700,1648.2500,1573.6900,1404.2100,1342.6800,1471.9100,0.8179
11.8600,1559.5400,1651.0400,1576.6200,1400.2800,1338.7000,1473.1100,0.8194
11.9000,1558.3500,1655.0100,1580.5200,1397.2900,1335.8900,1472.2700,0.8208
11.9400,1555.4300,1659.1000,1584.3300,1396.0400,1335.0100,1469.6300,0.8223
11.9800,1551.5700,1662.2000,1587.0300,1396.8700,1336.3000,1465.8700,0.8237
12.0200,1547.8100,1663.5100,1587.8900,1399.5600,1339.3900,1462.0100,0.8251
12.0600,1545.1400,1662.6600,1586.6700,1403.3800,1343.4800,1459.0700,0.8266
12.1000,1544.2800,1659.8700,1583.7100,1407.2900,1347.4700,1457.8600,0.8280
12.1400,1545.4500,1655.9000,1579.8100,1410.2600,1350.2800,1458.7000,0.8294
12.1800,1548.3500,1651.8100,1576.0100,1411.5000,1351.1700,1461.3700,0.8309
12.2200,1552.2100,1648.6900,1573.3300,1410.6700,1349.8900,1465.1400,0.8323
12.2600,1555.9800,1647.3800,1572.4800,1408.0100,1346.7800,1469.0000,0.8337
12.5600,1381.0400,1413.2900,1525.2400,1645.6700,1606.8800,1429.3000,0.8337
12.6000,1383.9500,1422.3500,1534.8900,1632.0400,1594.2600,1433.2600,0.8385
12.6400,1379.6400,1435.0300,1547.7400,1621.6900,1585.4500,1430.4500,0.8433
12.6800,1369.2600,1447.8700,1560.3700,1617.4500,1582.7300,1421.6000,0.8481
12.7200,1355.6300,1457.4600,1569.3500,1620.4600,1586.8000,1408.9900,0.8529
12.7600,1342.4400,1461.3400,1572.1800,1629.8600,1596.6300,1395.9200,0.8577
12.8000,1333.2200,1458.5000,1568.0700,1643.1000,1609.7100,1385.9200,0.8625
12.8400,1330.4100,1449.6800,1558.2000,1656.6200,1622.5500,1381.7600,0.8673
12.8800,1334.7300,1437.1700,1545.2800,1666.8500,1631.6500,1384.6400,0.8720
12.9200,1345.0000,1424.2500,1532.8000,1671.0900,1634.4400,1393.7600,0.8768
12.9600,1358.5200,1414.4100,1524.0400,1668.2000,1630.1600,1406.5700,0.8816
13.0000,1371.7100,1410.3700,1521.2900,1658.9100,1620.0300,1419.5700,0.8864
13.0400,1363.3100,1430.2000,1540.7500,1644.8200,1607.8200,1413.6100,0.8936
13.0800,1364.0700,1432.5700,1543.3200,1641.2200,1604.4600,1414.6800,0.8949
13.1200,1362.9300,1435.9100,1546.7300,1638.5000,1602.1000,1413.9300,0.8962
13.1600,1360.1900,1439.3200,1550.0600,1637.3700,1601.3700,1411.5600,0.8974
13.2000,1356.5900,1441.8800,1552.4200,1638.1600,1602.4700,1408.2000,0.8987
13.2400,1353.1000,1442.9200,1553.1600,1640.6400,1605.1000,1404.7500,0.9000
13.2800,1350.6500,1442.1600,1552.0900,1644.1400,1608.5700,1402.1300,0.9012
13.3200,1349.8900,1439.8100,1549.5000,1647.7300,1611.9500,1401.0500,0.9025
13.3600,1351.0300,1436.4800,1546.0800,1650.4600,1614.3300,1401.8000,0.9038
13.4000,1353.7600,1433.0600,1542.7600,1651.5800,1615.0600,1404.1900,0.9051
13.4400,1357.3600,1430.4800,1540.4200,1650.8000,1613.9500,1407.5600,0.9063
13.4800,1360.8500,1429.4300,1539.6900,1648.3300,1611.2900,1411.0100,0.9076
13.5200,1374.7600,1419.3500,1523.1500,1649.7200,1603.0000,1431.3800,0.9143
13.5600,1377.4100,1427.5900,1531.9400,1637.3000,1591.5100,1434.9900,0.9187
13.6000,1373.4800,1439.1200,1543.6300,1627.8700,1583.4800,1432.4300,0.9231
13.6400,1364.0200,1450.8100,1555.1200,1624.0000,1581.0000,1424.3700,0.9274
13.6800,1351.5900,1459.5500,1563.2900,1626.7300,1584.7000,1412.8800,0.9318
13.7200,1339.5700,1463.0800,1565.8600,1635.2900,1593.6600,1401.0000,0.9361
13.7600,1331.1600,1460.4900,1562.1300,1647.3600,1605.5500,1391.9100,0.9405
13.8000,1328.6000,1452.4500,1553.1600,1659.6900,1617.2300,1388.1400,0.9449
13.8400,1332.5400,1441.0600,1541.4000,1669.0300,1625.4900,1390.7600,0.9492
13.8800,1341.9100,1429.3100,1530.0300,1672.9000,1628.0300,1399.0500,0.9536
13.9200,1354.2400,1420.3700,1522.0600,1670.2700,1624.1500,1410.6900,0.9579
13.9600,1366.2700,1416.7000,1519.5500,1661.7900,1614.9500,1422.5200,0.9623
14.0000,1357.0300,1436.2100,1538.6900,1648.8500,1603.9500,1415.6600,0.9693
14.0400,1357.5300,1437.7800,1540.3900,1646.4700,1601.7200,1416.3700,0.9702
14.0800,1356.7700,1439.9900,1542.6500,1644.6600,1600.1600,1415.8700,0.9710
14.1200,1354.9600,1442.2400,1544.8500,1643.9200,1599.6800,1414.3100,0.9719
14.1600,1352.5800,1443.9400,1546.4000,1644.4400,1600.4000,1412.0900,0.9727
14.2000,1350.2700,1444.6200,1546.8900,1646.0800,1602.1400,1409.8000,0.9735
14.2400,1348.6400,1444.1200,1546.1900,1648.4000,1604.4400,1408.0700,0.9744
14.2800,1348.1400,1442.5600,1544.4700,1650.7800,1606.6700,1407.3600,0.9752
14.3200,1348.9000,1440.3600,1542.2200,1652.5800,1608.2400,1407.8600,0.9761
14.3600,1350.7100,1438.1000,1540.0200,1653.3200,1608.7200,1409.4400,0.9769
14.4000,1353.0900,1436.4000,1538.4700,1652.8100,1607.9900,1411.6600,0.9777
14.4400,1355.4000,1435.7100,1537.9900,1651.1700,1606.2400,1413.9400,0.9786
14.4800,1365.7600,1428.0000,1523.4100,1653.6500,1599.2600,1431.0700,0.9842
14.5200,1367.8200,1434.3900,1530.2700,1643.9700,1590.3000,1433.8900,0.9876
14.5600,1364.7500,1443.3400,1539.3800,1636.6300,1584.0400,1431.9000,0.9910
14.6000,1357.3800,1452.4400,1548.3100,1633.6100,1582.1000,1425.6000,0.9944
14.6400,1347.7000,1459.2600,1554.6400,1635.7200,1585.0000,1416.6600,0.9978
14.6800,1338.3200,1462.0200,1556.6400,1642.3900,1591.9800,1407.4200,1.0012
14.7200,1331.7700,1460.0000,1553.7600,1651.7900,1601.2300,1400.3700,1.0046
14.7600,1329.7700,1453.7300,1546.7900,1661.4200,1610.3000,1397.4600,1.0079
14.8000,1332.8400,1444.8500,1537.6400,1668.7100,1616.7000,1399.4900,1.0113
14.8400,1340.1600,1435.7100,1528.7900,1671.7300,1618.6700,1405.9200,1.0147
14.8800,1349.7800,1428.7700,1522.5600,1669.6700,1615.6700,1414.9600,1.0181
14.9200,1359.1500,1425.9400,1520.6000,1663.0600,1608.5500,1424.1600,1.0215
14.9600,1351.7500,1441.3300,1528.0900,1657.3200,1595.7900,1426.3100,1.0264
15.0000,1352.6200,1444.0200,1531.0000,1653.2200,1591.9900,1427.5200,1.0278
15.0400,1351.3100,1447.7900,1534.8600,1650.1100,1589.3300,1426.6700,1.0293
15.0800,1348.1900,1451.6500,1538.6300,1648.8300,1588.5000,1423.9900,1.0307
15.1200,1344.1000,1454.5500,1541.3000,1649.7200,1589.7400,1420.1900,1.0321
15.1600,1340.1300,1455.7200,1542.1400,1652.5300,1592.7100,1416.2900,1.0336
15.2000,1337.3400,1454.8600,1540.9300,1656.5200,1596.6200,1413.3300,1.0350
15.2400,1336.4900,1452.1900,1537.9900,1660.6100,1600.4400,1412.1100,1.0364
15.2800,1337.8000,1448.4300,1534.1300,1663.7000,1603.1300,1412.9700,1.0379
15.3200,1340.9000,1444.5700,1530.3700,1664.9900,1603.9600,1415.6700,1.0393
15.3600,1344.9900,1441.6500,1527.7300,1664.1100,1602.7100,1419.4800,1.0407
15.4000,1348.9600,1440.4600,1526.8900,1661.3000,1599.7200,1423.3800,1.0422
15.7000,1564.8000,1435.2000,1410.4800,1477.3800,1522.6200,1589.5200,1.0422
15.7400,1567.6600,1444.2200,1420.3200,1464.4600,1510.1100,1593.5700,1.0470
15.7800,1563.5700,1456.8800,1433.3600,1454.6100,1501.3100,1590.7600,1.0517
15.8200,1553.6800,1469.7500,1446.1700,1450.5400,1498.5200,1581.8100,1.0565
15.8600,1540.7400,1479.4100,1455.2700,1453.4100,1502.4500,1569.0700,1.0613
15.9000,1528.2200,1483.3500,1458.1800,1462.4200,1512.0900,1555.9200,1.0661
15.9400,1519.4300,1480.5700,1454.0700,1475.0600,1524.9400,1545.9300,1.0709
15.9800,1516.6500,1471.7800,1444.0800,1487.9100,1537.5800,1541.8200,1.0757
16.0200,1520.5900,1459.2600,1430.9300,1497.5500,1546.5900,1544.7300,1.0805
16.0600,1530.2500,1446.3200,1418.1900,1501.4800,1549.4600,1553.8300,1.0853
16.1000,1543.1200,1436.4300,1409.2400,1498.6900,1545.3900,1566.6400,1.0900
16.1400,1555.7800,1432.3400,1406.4300,1489.8900,1535.5400,1579.6800,1.0948
16.1800,1547.8500,1452.1500,1426.2900,1476.6300,1523.3700,1573.7100,1.1021
16.2200,1548.6000,1454.5200,1428.9100,1473.2100,1520.0500,1574.7900,1.1033
16.2600,1547.5300,1457.8600,1432.3700,1470.6300,1517.7000,1574.0400,1.1046
16.3000,1544.9300,1461.2700,1435.7600,1469.5600,1516.9500,1571.6500,1.1059
16.3400,1541.5100,1463.8500,1438.1500,1470.3200,1518.0000,1568.2700,1.1071
16.3800,1538.1800,1464.9100,1438.9100,1472.6800,1520.5800,1564.8000,1.1084
16.4200,1535.8400,1464.1600,1437.8300,1476.0100,1523.9900,1562.1700,1.1097
16.4600,1535.0900,1461.8200,1435.2000,1479.4200,1527.3200,1561.0900,1.1109
16.5000,1536.1500,1458.4900,1431.7300,1482.0000,1529.6800,1561.8500,1.1122
16.5400,1538.7300,1455.0700,1428.3500,1483.0500,1530.4400,1564.2400,1.1135
16.5800,1542.1400,1452.4700,1425.9600,1482.3000,1529.3700,1567.6300,1.1148
16.6200,1545.4800,1451.4000,1425.2100,1479.9500,1526.7900,1571.0900,1.1160
16.6600,1558.7300,1441.2700,1408.3500,1481.2700,1518.7300,1591.6500,1.1228
16.7000,1561.3300,1449.4600,1417.3200,1469.5100,1507.3300,1595.3500,1.1271
16.7400,1557.6200,1460.9800,1429.2100,1460.5500,1499.3200,1592.7900,1.1315
16.7800,1548.6400,1472.7000,1440.8700,1456.8600,1496.7800,1584.6200,1.1359
16.8200,1536.8600,1481.5000,1449.1600,1459.4700,1500.3600,1573.0100,1.1402
16.8600,1525.4600,1485.0900,1451.8000,1467.6600,1509.1500,1561.0400,1.1446
16.9000,1517.4500,1482.5500,1448.0600,1479.1600,1520.8400,1551.9400,1.1489
16.9400,1514.9100,1474.5400,1438.9600,1490.8500,1532.3400,1548.2000,1.1533
16.9800,1518.5000,1463.1400,1426.9900,1499.6400,1540.5300,1550.8400,1.1576
17.0200,1527.3000,1451.3600,1415.3800,1503.2200,1543.1400,1559.1300,1.1620
17.0600,1539.0200,1442.3800,1407.2100,1500.6800,1539.4500,1570.7900,1.1664
17.1000,1550.5400,1438.6700,1404.6500,1492.6700,1530.4900,1582.6800,1.1707
17.1400,1541.8300,1458.1700,1424.2000,1480.5000,1519.5000,1575.8000,1.1778
17.1800,1542.3200,1459.7300,1425.9400,1478.2400,1517.3000,1576.5100,1.1786
17.2200,1541.6200,1461.9400,1428.2300,1476.5300,1515.7400,1576.0100,1.1795
17.2600,1539.9100,1464.2000,1430.4700,1475.8300,1515.2500,1574.4300,1.1803
17.3000,1537.6400,1465.9000,1432.0500,1476.3300,1515.9500,1572.2000,1.1811
17.3400,1535.4400,1466.6000,1432.5600,1477.8900,1517.6500,1569.9000,1.1820
17.3800,1533.8900,1466.1100,1431.8400,1480.1000,1519.9000,1568.1600,1.1828
17.4200,1533.4000,1464.5600,1430.1000,1482.3500,1522.1100,1567.4400,1.1837
17.4600,1534.1000,1462.3600,1427.8000,1484.0500,1523.6700,1567.9500,1.1845
17.5000,1535.8000,1460.0900,1425.5700,1484.7500,1524.1700,1569.5300,1.1853
17.5400,1538.0600,1458.3800,1423.9900,1484.2600,1523.4700,1571.7700,1.1862
17.5800,1540.2700,1457.6800,1423.4900,1482.7000,1521.7600,1574.0600,1.1870
17.6200,1550.0800,1449.9200,1408.6300,1485.0400,1514.9600,1591.3700,1.1926
17.6600,1552.1000,1456.2800,1415.6300,1475.8900,1506.0800,1594.2600,1.1960
17.7000,1549.2300,1465.2300,1424.9000,1468.9400,1499.8200,1592.2600,1.1994
17.7400,1542.2500,1474.3500,1433.9800,1466.0700,1497.8400,1585.8900,1.2028
17.7800,1533.0900,1481.2200,1440.4200,1468.1000,1500.6300,1576.8400,1.2062
17.8200,1524.2100,1484.0200,1442.4700,1474.4600,1507.4900,1567.5200,1.2096
17.8600,1517.9600,1482.0400,1439.5600,1483.4000,1516.6000,1560.4400,1.2130
17.9000,1515.9800,1475.7900,1432.4800,1492.5100,1525.5400,1557.5300,1.2164
17.9400,1518.7800,1466.9100,1423.1600,1499.3700,1531.9000,1559.5800,1.2198
17.9800,1525.6500,1457.7500,1414.1100,1502.1600,1533.9300,1566.0200,1.2232
18.0200,1534.7700,1450.7700,1407.7400,1500.1800,1531.0600,1575.1000,1.2266
18.0600,1543.7200,1447.9000,1405.7400,1493.9200,1524.1100,1584.3700,1.2299
18.1000,1536.7300,1463.2700,1413.4100,1488.5900,1511.4100,1586.5900,1.2348
18.1400,1537.5800,1465.9500,1416.3900,1484.7200,1507.6500,1587.8100,1.2362
18.1800,1536.3700,1469.7300,1420.3200,1481.7900,1504.9900,1586.9600,1.2377
18.2200,1533.4300,1473.6000,1424.1600,1480.5900,1504.1400,1584.2600,1.2391
18.2600,1529.5600,1476.5100,1426.8800,1481.4400,1505.3300,1580.4200,1.2406
18.3000,1525.7900,1477.7100,1427.7400,1484.1200,1508.2500,1576.4800,1.2420
18.3400,1523.1400,1476.8600,1426.5100,1487.8900,1512.1100,1573.4900,1.2434
18.3800,1522.2900,1474.2100,1423.5200,1491.7500,1515.8800,1572.2600,1.2449
18.4200,1523.4900,1470.4400,1419.5800,1494.6700,1518.5600,1573.1200,1.2463
18.4600,1526.4000,1466.5700,1415.7400,1495.8600,1519.4100,1575.8400,1.2477
18.5000,1530.2700,1463.6300,1413.0400,1495.0100,1518.2100,1579.6800,1.2492
18.5400,1534.0500,1462.4200,1412.1900,1492.3500,1515.2800,1583.6100,1.2506
18.8400,1715.3300,1284.6700,1236.8900,1402.7500,1597.2500,1763.1100,1.2506
18.8800,1718.1300,1294.1500,1248.0700,1389.8000,1584.7400,1767.8800,1.2554
18.9200,1713.4800,1307.6000,1262.6800,1379.9100,1575.9300,1764.9400,1.2602
18.9600,1702.7600,1321.3000,1276.8600,1375.8200,1573.1100,1755.0000,1.2650
19.0000,1688.9900,1331.6100,1286.8500,1378.7200,1577.0000,1740.7300,1.2698
19.0400,1675.8700,1335.9300,1289.9400,1387.7900,1586.6200,1725.9800,1.2745
19.0800,1666.8000,1333.2000,1285.2600,1400.5000,1599.5000,1714.7400,1.2793
19.1200,1664.0700,1324.1300,1274.0200,1413.3800,1612.2100,1710.0600,1.2841
19.1600,1668.3900,1311.0100,1259.2700,1423.0000,1621.2800,1713.1500,1.2889
19.2000,1678.7000,1297.2400,1245.0000,1426.8900,1624.1800,1723.1400,1.2937
19.2400,1692.4000,1286.5200,1235.0600,1424.0700,1620.0900,1737.3200,1.2985
19.2800,1705.8500,1281.8700,1232.1200,1415.2600,1610.2000,1751.9300,1.3033
19.3200,1697.0300,1302.9700,1254.4700,1402.0200,1597.9800,1745.5300,1.3105
19.3600,1697.7700,1305.4400,1257.4400,1398.6000,1594.6400,1746.7800,1.3118
19.4000,1696.5700,1308.9600,1261.3200,1396.0100,1592.2900,1745.9900,1.3130
19.4400,1693.7700,1312.6000,1265.0900,1394.9500,1591.5300,1743.3500,1.3143
19.4800,1690.1300,1315.3700,1267.7300,1395.7100,1592.5800,1739.5800,1.3156
19.5200,1686.6300,1316.5400,1268.5300,1398.0800,1595.1500,1735.6900,1.3168
19.5600,1684.1900,1315.8100,1267.2800,1401.4300,1598.5700,1732.7200,1.3181
19.6000,1683.4600,1313.3700,1264.3100,1404.8500,1601.9200,1731.4700,1.3194
19.6400,1684.6300,1309.8700,1260.4200,1407.4200,1604.2900,1732.2700,1.3206
19.6800,1687.4000,1306.2300,1256.6500,1408.4700,1605.0500,1734.9100,1.3219
19.7200,1691.0400,1303.4300,1254.0100,1407.7100,1603.9900,1738.6800,1.3232
19.7600,1694.5600,1302.2300,1253.2200,1405.3600,1601.4000,1742.5600,1.3245
19.8000,1708.9000,1291.1000,1234.6300,1406.6400,1593.3600,1765.3700,1.3312
19.8400,1711.4500,1299.7000,1244.8400,1394.8700,1581.9600,1769.7400,1.3356
19.8800,1707.2400,1311.9000,1258.1700,1385.8900,1573.9400,1767.0600,1.3399
19.9200,1697.5300,1324.3500,1271.1100,1382.1800,1571.3600,1758.0000,1.3443
19.9600,1685.0200,1333.7300,1280.2100,1384.8200,1574.9000,1744.9800,1.3486
20.0000,1673.0900,1337.6600,1283.0200,1393.0600,1583.6700,1731.5200,1.3530
20.0400,1664.8300,1335.1700,1278.7400,1404.6200,1595.3800,1721.2600,1.3574
20.0800,1662.3400,1326.9100,1268.4800,1416.3300,1606.9400,1716.9800,1.3617
20.1200,1666.2700,1314.9800,1255.0200,1425.1000,1615.1800,1719.7900,1.3661
20.1600,1675.6500,1302.4700,1242.0000,1428.6400,1617.8200,1728.8900,1.3704
20.2000,1688.1000,1292.7600,1232.9400,1426.0600,1614.1100,1741.8300,1.3748
20.2400,1700.3000,1288.5500,1230.2600,1418.0400,1605.1300,1755.1600,1.3792
20.2800,1690.7100,1309.2900,1252.2700,1405.9100,1594.0900,1747.7300,1.3862
20.3200,1691.2000,1310.9100,1254.2400,1403.6500,1591.8800,1748.5600,1.3871
20.3600,1690.4100,1313.2400,1256.8100,1401.9400,1590.3300,1748.0400,1.3879
20.4000,1688.5700,1315.6400,1259.3100,1401.2400,1589.8300,1746.2900,1.3887
20.4400,1686.1700,1317.4700,1261.0500,1401.7400,1590.5200,1743.7900,1.3896
20.4800,1683.8600,1318.2400,1261.5800,1403.3100,1592.2200,1741.2100,1.3904
20.5200,1682.2400,1317.7600,1260.7500,1405.5200,1594.4800,1739.2500,1.3912
20.5600,1681.7600,1316.1400,1258.7900,1407.7800,1596.6900,1738.4200,1.3921
20.6000,1682.5300,1313.8300,1256.2100,1409.4800,1598.2600,1738.9500,1.3929
20.6400,1684.3600,1311.4300,1253.7100,1410.1700,1598.7600,1740.6900,1.3938
20.6800,1686.7600,1309.5900,1251.9600,1409.6700,1598.0600,1743.1900,1.3946
20.7200,1689.0900,1308.8000,1251.4400,1408.1200,1596.3500,1745.7600,1.3954
20.7600,1699.7000,1300.3000,1235.0400,1410.4300,1589.5700,1764.9600,1.4011
20.8000,1701.6800,1306.9400,1243.0200,1401.2800,1580.6900,1768.3600,1.4045
20.8400,1698.4500,1316.4000,1253.4400,1394.3100,1574.4300,1766.2700,1.4079
20.8800,1690.9400,1326.0700,1263.5400,1391.4500,1572.4200,1759.2000,1.4112
20.9200,1681.2300,1333.3900,1270.6300,1393.5000,1575.1800,1749.0500,1.4146
20.9600,1671.9400,1336.4600,1272.8000,1399.8900,1582.0200,1738.5600,1.4180
21.0000,1665.4900,1334.5100,1269.4400,1408.8700,1591.1300,1730.5600,1.4214
21.0400,1663.5400,1328.0600,1261.4400,1417.9800,1600.1100,1727.2000,1.4248
21.0800,1666.6100,1318.7700,1250.9500,1424.8200,1606.5000,1729.3700,1.4282
21.1200,1673.9300,1309.0600,1240.8000,1427.5800,1608.5500,1736.4600,1.4316
21.1600,1683.6000,1301.5500,1233.7300,1425.5700,1605.6900,1746.5600,1.4350
21.2000,1693.0600,1298.3200,1231.6400,1419.3100,1598.7200,1756.9800,1.4384
21.2400,1685.5200,1314.4800,1240.4800,1414.0000,1586.0000,1759.5200,1.4432
21.2800,1686.3600,1317.2600,1243.8700,1410.1400,1582.2300,1760.9600,1.4447
21.3200,1685.0100,1321.2300,1248.3000,1407.2100,1579.5700,1760.0600,1.4461
21.3600,1681.8700,1325.3200,1252.5900,1406.0100,1578.7100,1757.0600,1.4476
21.4000,1677.7700,1328.4300,1255.5900,1406.8800,1579.8900,1752.7700,1.4490
21.4400,1673.8300,1329.7500,1256.5000,1409.5600,1582.7900,1748.3200,1.4504
21.4800,1671.0800,1328.9200,1255.0700,1413.3500,1586.6500,1744.9300,1.4519
21.5200,1670.2500,1326.1700,1251.6800,1417.2100,1590.4400,1743.5000,1.4533
21.5600,1671.5700,1322.2300,1247.2300,1420.1100,1593.1200,1744.4100,1.4547
21.6000,1674.6800,1318.1300,1242.9400,1421.2900,1593.9900,1747.4100,1.4562
21.6400,1678.7700,1314.9900,1239.9400,1420.4300,1592.7900,1751.7000,1.4576
21.6800,1682.7400,1313.6400,1239.0400,1417.7700,1589.8600,1756.1300,1.4590
21.9800,1585.4000,1132.8300,1234.1000,1527.1300,1746.3800,1757.6200,1.4590
22.0200,1588.4100,1143.4700,1245.3900,1514.0700,1733.0000,1762.4200,1.4638
22.0600,1584.4000,1158.9400,1260.1900,1504.0300,1723.6000,1759.6200,1.4686
22.1000,1574.5300,1174.8200,1274.6300,1499.7700,1720.5500,1749.9100,1.4734
22.1400,1561.5400,1186.9200,1284.8500,1502.4700,1724.6400,1735.8900,1.4782
22.1800,1548.9200,1192.2800,1288.0900,1511.3800,1734.8900,1721.3300,1.4830
22.2200,1539.9900,1189.7100,1283.4300,1524.0300,1748.7300,1710.2000,1.4878
22.2600,1537.0700,1179.8700,1272.0900,1537.0100,1762.5000,1705.4800,1.4926
22.3000,1540.9100,1165.1400,1257.1200,1546.8700,1772.3800,1708.4300,1.4973
22.3400,1550.5300,1149.2100,1242.6000,1551.0300,1775.5100,1718.1900,1.5021
22.3800,1563.4400,1136.3100,1232.4400,1548.4100,1771.0300,1732.1300,1.5069
22.4200,1576.2300,1130.2100,1229.3500,1539.6900,1760.3100,1746.5400,1.5117
22.4600,1568.4200,1154.6200,1252.0300,1526.0900,1747.1300,1740.3800,1.5189
22.5000,1569.2000,1157.3500,1255.0200,1522.6400,1743.5500,1741.6400,1.5202
22.5400,1568.1600,1161.3700,1258.9600,1520.0000,1741.0200,1740.8900,1.5215
22.5800,1565.5700,1165.5800,1262.7900,1518.8800,1740.2100,1738.3100,1.5227
22.6200,1562.1400,1168.8500,1265.4900,1519.5900,1741.3200,1734.6100,1.5240
22.6600,1558.7800,1170.3400,1266.3400,1521.9300,1744.0800,1730.7600,1.5253
22.7000,1556.3900,1169.6500,1265.0900,1525.2700,1747.7500,1727.8200,1.5265
22.7400,1555.6100,1166.9700,1262.1000,1528.7100,1751.3600,1726.5700,1.5278
22.7800,1556.6400,1163.0100,1258.1500,1531.3400,1753.9300,1727.3300,1.5291
22.8200,1559.2100,1158.7900,1254.3100,1532.4500,1754.7500,1729.9100,1.5304
22.8600,1562.6400,1155.4600,1251.6200,1531.7500,1753.6000,1733.6100,1.5316
22.9000,1566.0100,1153.9300,1250.7800,1529.4200,1750.8100,1737.4400,1.5329
22.9400,1579.3200,1140.3200,1231.8900,1531.0000,1742.2700,1759.9300,1.5396
22.9800,1582.0500,1149.9200,1242.1900,1519.1100,1730.1100,1764.3200,1.5440
23.0200,1578.4200,1163.8900,1255.7100,1509.9800,1721.5500,1761.7600,1.5484
23.0600,1569.4600,1178.2700,1268.8800,1506.1000,1718.7700,1752.9100,1.5527
23.1000,1557.6300,1189.2500,1278.2000,1508.5600,1722.4800,1740.1200,1.5571
23.1400,1546.1400,1194.1200,1281.1400,1516.6600,1731.8000,1726.8400,1.5614
23.1800,1538.0100,1191.7700,1276.8800,1528.1800,1744.3700,1716.6800,1.5658
23.2200,1535.3400,1182.8200,1266.5200,1540.0000,1756.8500,1712.3600,1.5702
23.2600,1538.8400,1169.4400,1252.8700,1548.9900,1765.8000,1715.0400,1.5745
23.3000,1547.6000,1155.0200,1239.6200,1552.7900,1768.6500,1723.9300,1.5789
23.3400,1559.3600,1143.4000,1230.3600,1550.4000,1764.6200,1736.6500,1.5832
23.3800,1570.9900,1137.9300,1227.5400,1542.4500,1754.9100,1749.8100,1.5876
23.4200,1562.3900,1161.8300,1249.8800,1529.9500,1743.0300,1742.6300,1.5947
23.4600,1562.9100,1163.6200,1251.8700,1527.6700,1740.6600,1743.4600,1.5955
23.5000,1562.2200,1166.2600,1254.4800,1525.9200,1738.9900,1742.9600,1.5963
23.5400,1560.5100,1169.0300,1257.0100,1525.1800,1738.4500,1741.2600,1.5972
23.5800,1558.2400,1171.1900,1258.8000,1525.6500,1739.1800,1738.8000,1.5980
23.6200,1556.0200,1172.1600,1259.3600,1527.2000,1741.0100,1736.2600,1.5988
23.6600,1554.4400,1171.7100,1258.5300,1529.4000,1743.4300,1734.3100,1.5997
23.7000,1553.9300,1169.9400,1256.5500,1531.6800,1745.8000,1733.4700,1.6005
23.7400,1554.6100,1167.3300,1253.9300,1533.4200,1747.4900,1733.9800,1.6014
23.7800,1556.3100,1164.5600,1251.3900,1534.1600,1748.0300,1735.6800,1.6022
23.8200,1558.5800,1162.3700,1249.6000,1533.7000,1747.2900,1738.1400,1.6030
23.8600,1560.8000,1161.3700,1249.0500,1532.1500,1745.4500,1740.6800,1.6039
23.9000,1570.6600,1151.0300,1232.4100,1534.7200,1738.2800,1759.6000,1.6095
23.9400,1572.7800,1158.4100,1240.4600,1525.4700,1728.8100,1763.0300,1.6129
23.9800,1569.9700,1169.1700,1251.0200,1518.3700,1722.1300,1761.0300,1.6163
24.0200,1563.0100,1180.3000,1261.3000,1515.3600,1719.9600,1754.1300,1.6197
24.0600,1553.8200,1188.8500,1268.5500,1517.2600,1722.8600,1744.1500,1.6231
24.1000,1544.8600,1192.6600,1270.8300,1523.5600,1730.1200,1733.8000,1.6265
24.1400,1538.5200,1190.8300,1267.4900,1532.5200,1739.8800,1725.8700,1.6299
24.1800,1536.4400,1183.8300,1259.4100,1541.7400,1749.5400,1722.4900,1.6332
24.2200,1539.1700,1173.4200,1248.7700,1548.7500,1756.4500,1724.5600,1.6366
24.2600,1546.0000,1162.2600,1238.4400,1551.7100,1758.6700,1731.4900,1.6400
24.3000,1555.1500,1153.3300,1231.2200,1549.8500,1755.5800,1741.4200,1.6434
24.3400,1564.1900,1149.1700,1229.0200,1543.6400,1748.0800,1751.7000,1.6468
24.3800,1557.2800,1167.4800,1238.0500,1538.1300,1734.5100,1754.3500,1.6517
24.4200,1558.1700,1170.5400,1241.4700,1534.2200,1730.4900,1755.8000,1.6531
24.4600,1557.0000,1175.0300,1245.9600,1531.2200,1727.6400,1754.9500,1.6546
24.5000,1554.0700,1179.7200,1250.3300,1529.9500,1726.7200,1752.0200,1.6560
24.5400,1550.1900,1183.3600,1253.4000,1530.7500,1727.9600,1747.8000,1.6574
24.5800,1546.3900,1185.0000,1254.3500,1533.4100,1731.0500,1743.4100,1.6589
24.6200,1543.6900,1184.2200,1252.9300,1537.2000,1735.1700,1740.0500,1.6603
24.6600,1542.8000,1181.2200,1249.5000,1541.1000,1739.2300,1738.6100,1.6617
24.7000,1543.9700,1176.8000,1245.0000,1544.0800,1742.1200,1739.4700,1.6632
24.7400,1546.8700,1172.1000,1240.6200,1545.3400,1743.0500,1742.4100,1.6646
24.7800,1550.7500,1168.3900,1237.5600,1544.5500,1741.7700,1746.6200,1.6660
24.8200,1554.5600,1166.6900,1236.6200,1541.9100,1738.6400,1750.9900,1.6675
25.1200,2050.7700,1311.2400,1137.3700,1197.1200,1517.5700,1849.3600,1.6675
25.1600,2053.1400,1320.8300,1150.0800,1182.6600,1505.1600,1854.8000,1.6723
25.2000,2042.1700,1334.2300,1166.3700,1171.5200,1496.5600,1851.3800,1.6770
25.2400,2022.1600,1347.7600,1181.9600,1166.9100,1494.0000,1839.9400,1.6818
25.2800,1999.4000,1357.8300,1192.7500,1170.2600,1498.1500,1823.5600,1.6866
25.3200,1979.7200,1361.8900,1195.8500,1180.6400,1507.9300,1806.6900,1.6914
25.3600,1967.4200,1358.9400,1190.3600,1195.0200,1520.8000,1793.9300,1.6962
25.4000,1965.0500,1349.7400,1177.6800,1209.3700,1533.3400,1788.6900,1.7010
25.4400,1973.2300,1336.6300,1161.1800,1219.9200,1542.1500,1792.3300,1.7058
25.4800,1990.5300,1323.0100,1145.3600,1224.0400,1544.7800,1803.7800,1.7106
25.5200,2013.2900,1312.5600,1134.5500,1220.8000,1540.4900,1819.9600,1.7153
25.5600,2035.6900,1308.2100,1131.6500,1211.0200,1530.5100,1836.6100,1.7201
25.6000,2017.1300,1329.2000,1156.6600,1196.4600,1518.6600,1829.2000,1.7274
25.6400,2017.7600,1331.7000,1160.0300,1192.6500,1515.3600,1830.6200,1.7286
25.6800,2015.2000,1335.2200,1164.3600,1189.7600,1513.0600,1829.6900,1.7299
25.7200,2010.2000,1338.8100,1168.5100,1188.5900,1512.3800,1826.6600,1.7312
25.7600,2004.1800,1341.5100,1171.3700,1189.4600,1513.4900,1822.3400,1.7324
25.8000,1998.7500,1342.6100,1172.1700,1192.1500,1516.1000,1817.9000,1.7337
25.8400,1995.2800,1341.8200,1170.7000,1195.9100,1519.5100,1814.5200,1.7350
25.8800,1994.6500,1339.3500,1167.3400,1199.7200,1522.8200,1813.1200,1.7362
25.9200,1997.0300,1335.8500,1162.9900,1202.5700,1525.1300,1814.0600,1.7375
25.9600,2001.8300,1332.2600,1158.8200,1203.7000,1525.8200,1817.0900,1.7388
26.0000,2007.8500,1329.5300,1155.9600,1202.8300,1524.7000,1821.3900,1.7401
26.0400,2013.4800,1328.4100,1155.1700,1200.1900,1522.0800,1825.8200,1.7413
26.0800,2039.4900,1317.5900,1134.9200,1201.3900,1513.7200,1851.5900,1.7481
26.1200,2041.6600,1326.2800,1146.5400,1188.2800,1502.4200,1856.5600,1.7524
26.1600,2032.0900,1338.4500,1161.4300,1178.2200,1494.5800,1853.4500,1.7568
26.2000,2014.3600,1350.7400,1175.6700,1174.0800,1492.2500,1843.0200,1.7612
26.2400,1993.9800,1359.9100,1185.5200,1177.1200,1496.0300,1828.0600,1.7655
26.2800,1976.2000,1363.6000,1188.3300,1186.5100,1504.9400,1812.6600,1.7699
26.3200,1965.0400,1360.9100,1183.2900,1199.5300,1516.6600,1801.0000,1.7742
26.3600,1962.8700,1352.5300,1171.6900,1212.5500,1528.0700,1796.2100,1.7786
26.4000,1970.2700,1340.6000,1156.6300,1222.1300,1536.0800,1799.5000,1.7829
26.4400,1985.8700,1328.2300,1142.1900,1225.8800,1538.4700,1809.9400,1.7873
26.4800,2006.2500,1318.7600,1132.3200,1222.9200,1534.5800,1824.7100,1.7917
26.5200,2026.1600,1314.8200,1129.6800,1214.0100,1525.5000,1839.9300,1.7960
26.5600,2007.0300,1335.4400,1154.2900,1200.7400,1514.8200,1831.3400,1.8031
26.6000,2007.4500,1337.0900,1156.5300,1198.2200,1512.6400,1832.2900,1.8039
26.6400,2005.8100,1339.4100,1159.4000,1196.3300,1511.1200,1831.6700,1.8048
26.6800,2002.5900,1341.7800,1162.1600,1195.5600,1510.6700,1829.6700,1.8056
26.7200,1998.6700,1343.5600,1164.0500,1196.1400,1511.4000,1826.8100,1.8064
26.7600,1995.1000,1344.2900,1164.5800,1197.9100,1513.1300,1823.8600,1.8073
26.8000,1992.8200,1343.7700,1163.6000,1200.3800,1515.3900,1821.6200,1.8081
26.8400,1992.4000,1342.1300,1161.3600,1202.8900,1517.5700,1820.6800,1.8090
26.8800,1993.9600,1339.8200,1158.4800,1204.7700,1519.1000,1821.3000,1.8098
26.9200,1997.1100,1337.4500,1155.7200,1205.5200,1519.5600,1823.3100,1.8106
26.9600,2001.0300,1335.6500,1153.8200,1204.9400,1518.8200,1826.1600,1.8115
27.0000,2004.6700,1334.9200,1153.3000,1203.1900,1517.0800,1829.1000,1.8123
27.0400,2023.5800,1326.6400,1135.4100,1205.5500,1510.0400,1850.7300,1.8179
27.0800,2025.2700,1333.3700,1144.5000,1195.4000,1501.2300,1854.6100,1.8213
27.1200,2018.2400,1342.8000,1156.1500,1187.6500,1495.1100,1852.1800,1.8247
27.1600,2004.9100,1352.3600,1167.2800,1184.4900,1493.2900,1844.0400,1.8281
27.2000,1989.2900,1359.5100,1174.9600,1186.8500,1496.2400,1832.3900,1.8315
27.2400,1975.4700,1362.3900,1177.1300,1194.0900,1503.2000,1820.3700,1.8349
27.2800,1966.7400,1360.2900,1173.1700,1204.1500,1512.3200,1811.2600,1.8383
27.3200,1965.0400,1353.7500,1164.1000,1214.2500,1521.2000,1807.4900,1.8417
27.3600,1970.8400,1344.4600,1152.3400,1221.7100,1527.4200,1810.0400,1.8451
27.4000,1982.9600,1334.8500,1141.0900,1224.6400,1529.2700,1818.1800,1.8485
27.4400,1998.5800,1327.5200,1133.3900,1222.3300,1526.2600,1829.7200,1.8519
27.4800,2013.6100,1324.5000,1131.3300,1215.3800,1519.2000,1841.6200,1.8552
27.5200,1999.8200,1340.6100,1141.4300,1209.5200,1506.6800,1844.1100,1.8601
27.5600,2000.5400,1343.4200,1145.3000,1205.2500,1502.9400,1845.7400,1.8615
27.6000,1997.8000,1347.3900,1150.2600,1202.0200,1500.3400,1844.7000,1.8630
27.6400,1992.4200,1351.4400,1155.0000,1200.7200,1499.5700,1841.2500,1.8644
27.6800,1985.9000,1354.4800,1158.2500,1201.7200,1500.8200,1836.3200,1.8659
27.7200,1980.0000,1355.7100,1159.1600,1204.7300,1503.7800,1831.2300,1.8673
27.7600,1976.2200,1354.8100,1157.4500,1208.9500,1507.6500,1827.3600,1.8687
27.8000,1975.5000,1352.0300,1153.6000,1213.2100,1511.3900,1825.7500,1.8702
27.8400,1978.0400,1348.0800,1148.6200,1216.3900,1514.0100,1826.8100,1.8716
27.8800,1983.2200,1344.0300,1143.8500,1217.6400,1514.7900,1830.2600,1.8730
27.9200,1989.7300,1340.9600,1140.5900,1216.6600,1513.5300,1835.1700,1.8745
27.9600,1995.8300,1339.7000,1139.7100,1213.6900,1510.5500,1840.2400,1.8759
28.2600,1842.0400,1157.9600,1142.0100,1353.8600,1646.1400,1857.9900,1.8759
28.3000,1844.7900,1168.5600,1154.7500,1340.8200,1633.5400,1863.5700,1.8807
28.3400,1838.9400,1183.8400,1171.2200,1330.8500,1624.6600,1860.4200,1.8855
28.3800,1826.3400,1199.4800,1187.1000,1326.7400,1621.7900,1849.2900,1.8903
28.4200,1810.6300,1211.3400,1198.2100,1329.6900,1625.6600,1833.2000,1.8951
28.4600,1796.0200,1216.5100,1201.5700,1338.8700,1635.3100,1816.5200,1.8998
28.5000,1786.1700,1213.8300,1196.2100,1351.7200,1648.2800,1803.7900,1.9046
28.5400,1783.4900,1203.9800,1183.4800,1364.6900,1661.1300,1798.4300,1.9094
28.5800,1788.6600,1189.3700,1166.8000,1374.3400,1670.3100,1801.7900,1.9142
28.6200,1800.5200,1173.6600,1150.7100,1378.2100,1673.2600,1812.9000,1.9190
28.6600,1816.1600,1161.0600,1139.5800,1375.3400,1669.1500,1828.7800,1.9238
28.7000,1831.4400,1155.2100,1136.4300,1366.4600,1659.1800,1845.2500,1.9286
28.7400,1820.6900,1179.3100,1161.7400,1353.1700,1646.8300,1838.2600,1.9358
28.7800,1821.4100,1182.0300,1165.1100,1349.7300,1643.4700,1839.7200,1.9371
28.8200,1819.9400,1186.0100,1169.4900,1347.1200,1641.0900,1838.8600,1.9383
28.8600,1816.6800,1190.1600,1173.7200,1346.0500,1640.3200,1835.9200,1.9396
28.9000,1812.5200,1193.3700,1176.6600,1346.8300,1641.3700,1831.6800,1.9409
28.9400,1808.5900,1194.8000,1177.5300,1349.2300,1643.9500,1827.2800,1.9421
28.9800,1805.9200,1194.0800,1176.0900,1352.6100,1647.3900,1823.9100,1.9434
29.0200,1805.2000,1191.4100,1172.7200,1356.0500,1650.7700,1822.4700,1.9447
29.0600,1806.6300,1187.4800,1168.3200,1358.6300,1653.1700,1823.3400,1.9459
29.1000,1809.8400,1183.3200,1164.0800,1359.6800,1653.9500,1826.2800,1.9472
29.1400,1813.9900,1180.0600,1161.1400,1358.9100,1652.8800,1830.5100,1.9485
29.1800,1817.9700,1178.5900,1160.2800,1356.5300,1650.2700,1834.8900,1.9498
29.2200,1834.7200,1165.2800,1139.6700,1357.7900,1642.2100,1860.3300,1.9565
29.2600,1837.2200,1174.8500,1151.3100,1345.9400,1630.7400,1865.4400,1.9609
29.3000,1831.9700,1188.6700,1166.3600,1336.9000,1622.6500,1862.5700,1.9652
29.3400,1820.6000,1202.8400,1180.8600,1333.1800,1620.0300,1852.4300,1.9696
29.3800,1806.3800,1213.6000,1191.0000,1335.8600,1623.5500,1837.7300,1.9739
29.4200,1793.1100,1218.3100,1194.0500,1344.2000,1632.3400,1822.5000,1.9783
29.4600,1784.1400,1215.8600,1189.1300,1355.8700,1644.1300,1810.8700,1.9827
29.5000,1781.6900,1206.8900,1177.5000,1367.6600,1655.8000,1805.9500,1.9870
29.5400,1786.4000,1193.6200,1162.2700,1376.4500,1664.1400,1809.0000,1.9914
29.5800,1797.1600,1179.4000,1147.5700,1379.9700,1666.8200,1819.1400,1.9957
29.6200,1811.3300,1168.0300,1137.4300,1377.3500,1663.1000,1833.6400,2.0001
29.6600,1825.1500,1162.7800,1134.5600,1369.2600,1654.0600,1848.6900,2.0045
29.7000,1813.6100,1186.3900,1159.4700,1357.1000,1642.9000,1840.5300,2.0115
29.7400,1814.0900,1188.1800,1161.7100,1354.8200,1640.6800,1841.5000,2.0124
29.7800,1813.1300,1190.7900,1164.6200,1353.1100,1639.1100,1840.9300,2.0132
29.8200,1810.9900,1193.5200,1167.4200,1352.4100,1638.6000,1838.9800,2.0140
29.8600,1808.2600,1195.6300,1169.3700,1352.9200,1639.2900,1836.1700,2.0149
29.9000,1805.6700,1196.5700,1169.9400,1354.5000,1641.0000,1833.2500,2.0157
29.9400,1803.9000,1196.1000,1168.9800,1356.7300,1643.2700,1831.0200,2.0165
29.9800,1803.4300,1194.3300,1166.7500,1359.0000,1645.5000,1830.0600,2.0174
30.0200,1804.3700,1191.7400,1163.8300,1360.7100,1647.0800,1830.6300,2.0182
30.0600,1806.4800,1189.0100,1161.0200,1361.4000,1647.5900,1832.5800,2.0191
30.1000,1809.2100,1186.8700,1159.0700,1360.8900,1646.8900,1835.3800,2.0199
30.1400,1811.8200,1185.9100,1158.5000,1359.3200,1645.1800,1838.2900,2.0207
30.1800,1824.2200,1175.7800,1140.3300,1361.6200,1638.3800,1859.6700,2.0264
30.2200,1826.1700,1183.1400,1149.4300,1352.4100,1629.4400,1863.6500,2.0298
30.2600,1822.1700,1193.7900,1161.2100,1345.4100,1623.1300,1861.4100,2.0332
30.3000,1813.4300,1204.7700,1172.5400,1342.5400,1621.0800,1853.5000,2.0365
30.3400,1802.4100,1213.1600,1180.4500,1344.6300,1623.8300,1842.0400,2.0399
30.3800,1792.0800,1216.8300,1182.8000,1351.0900,1630.6900,1830.1600,2.0433
30.4200,1785.0800,1214.9200,1178.9300,1360.1400,1639.8600,1821.0700,2.0467
30.4600,1783.1700,1207.9200,1169.8400,1369.3100,1648.9100,1817.2000,2.0501
30.5000,1786.8400,1197.5900,1157.9600,1376.1700,1655.3700,1819.5500,2.0535
30.5400,1795.2300,1186.5700,1146.5000,1378.9200,1657.4600,1827.4600,2.0569
30.5800,1806.2100,1177.8300,1138.5900,1376.8700,1654.5900,1838.7900,2.0603
30.6200,1816.8600,1173.8300,1136.3500,1370.5600,1647.5900,1850.5700,2.0637
30.6600,1808.0700,1191.9300,1146.6500,1365.2500,1634.7500,1853.3500,2.0685
30.7000,1808.8900,1194.9900,1150.5100,1361.3600,1630.9600,1855.0400,2.0700
30.7400,1807.2500,1199.4300,1155.5300,1358.4200,1628.2700,1854.0800,2.0714
30.7800,1803.6200,1204.0600,1160.3500,1357.2300,1627.4000,1850.7200,2.0729
30.8200,1798.9900,1207.6300,1163.7000,1358.1000,1628.5800,1845.8800,2.0743
30.8600,1794.5900,1209.2100,1164.6800,1360.8200,1631.4900,1840.8400,2.0757
30.9000,1791.6000,1208.4000,1163.0200,1364.6300,1635.3700,1836.9800,2.0772
30.9400,1790.7900,1205.4100,1159.1600,1368.5100,1639.1800,1835.3200,2.0786
30.9800,1792.3700,1201.0100,1154.1200,1371.4200,1641.9000,1836.3000,2.0800
31.0200,1795.9400,1196.3800,1149.2800,1372.6000,1642.7700,1839.6500,2.0815
31.0600,1800.5700,1192.7500,1145.9200,1371.7300,1641.5800,1844.4700,2.0829
31.1000,1805.0100,1191.1100,1144.9600,1369.0400,1638.6400,1849.4900,2.0843
